{
  "joint_accuracy": 0.5737019398304101,
  "act_rec": 0.9600418167034499,
  "act_prec": 0.9601533457249071,
  "act_f1": 0.960097577975257,
  "act_f1_stderr": 0.0021095677031689078,
  "slot_rec": 0.8600198412698413,
  "slot_prec": 0.8784961491690312,
  "slot_f1": 0.8691598155203529,
  "slot_f1_stderr": 0.0033745385711858576,
  "request_slot_rec": 0.7275476966030712,
  "request_slot_prec": 0.8560087599233507,
  "request_slot_f1": 0.7865677273298957,
  "request_slot_f1_stderr": 0.006421095379770897,
  "object_rec": 0.6237830319888734,
  "object_prec": 0.7138309724653827,
  "object_f1": 0.665775996437319,
  "object_f1_stderr": 0.005734151452406601
}