{"joint_accuracy": 0.48623533511441513, "act_rec": 0.957834824021373, "act_prec": 0.957834824021373, "act_f1": 0.957834824021373, "act_f1_stderr": 0.002165937477541148, "slot_rec": 0.8228174603174603, "slot_prec": 0.8440012211254706, "slot_f1": 0.833274727482795, "slot_f1_stderr": 0.0037341120050087056, "request_slot_rec": 0.8713355048859935, "request_slot_prec": 0.924006908462867, "request_slot_f1": 0.8968985750209556, "request_slot_f1_stderr": 0.0046665112733611245, "object_rec": 0.43671766342141866, "object_prec": 0.43971432572468844, "object_f1": 0.43821087153722704, "object_f1_stderr": 0.005861443767197083}