{"joint_accuracy": 0.530955976303868, "act_rec": 0.9609710767801138, "act_prec": 0.9609710767801138, "act_f1": 0.960971076780114, "act_f1_stderr": 0.002087238558728584, "slot_rec": 0.851984126984127, "slot_prec": 0.8752547900529963, "slot_f1": 0.8634626985722903, "slot_f1_stderr": 0.0034397551411271283, "request_slot_rec": 0.9129827826896231, "request_slot_prec": 0.9638909358879882, "request_slot_f1": 0.9377464452144819, "request_slot_f1_stderr": 0.0036516072874551333, "object_rec": 0.46689847009735747, "object_prec": 0.46846218252860733, "object_f1": 0.467679019225411, "object_f1_stderr": 0.005889235093641058}